{"best/epoch": 4, "best/precision": 0.00042109315783774677, "best/recall": 0.11824324324324324, "best/mAP_0.5": 0.00037265327457347, "best/mAP_0.5:0.95": 6.586287698595601e-05, "Labels": {"_type": "images/separated", "width": 1600, "height": 1600, "format": "jpg", "count": 2, "filenames": ["media/images/Labels_0_a8ff743df92e079c2f4a.jpg", "media/images/Labels_0_132aca977760a1543564.jpg"], "captions": ["labels.jpg", "labels_correlogram.jpg"]}, "Mosaics": {"_type": "images/separated", "width": 1920, "height": 1920, "format": "jpg", "count": 3, "filenames": ["media/images/Mosaics_0_d43b814e9b52370255a2.jpg", "media/images/Mosaics_0_3857c9a85912bacc9d99.jpg", "media/images/Mosaics_0_244e921866ca7041f2d5.jpg"], "captions": ["train_batch0.jpg", "train_batch1.jpg", "train_batch2.jpg"]}, "train/box_loss": 0.1054772436618805, "train/obj_loss": 0.026602981612086296, "train/cls_loss": 0.024363253265619278, "metrics/precision": 0.00035009584591191357, "metrics/recall": 0.10304054054054054, "metrics/mAP_0.5": 0.00027107404249292145, "metrics/mAP_0.5:0.95": 5.539575332146661e-05, "val/box_loss": 0.10879261791706085, "val/obj_loss": 0.020901020616292953, "val/cls_loss": 0.025383349508047104, "x/lr0": 0.009604, "x/lr1": 0.009604, "x/lr2": 0.009604, "_timestamp": 1663558759.248808, "_runtime": 313.58070492744446, "_step": 5, "_wandb": {"runtime": 315}}